<?xml version="1.0" encoding="UTF-8" ?>
<XML_DIZ_INFO>
	<MASTER_PAD_VERSION_INFO>
		<MASTER_PAD_VERSION>3.11</MASTER_PAD_VERSION>
		<MASTER_PAD_EDITOR>PADGen 3.1.1.50 http://www.padgen.org</MASTER_PAD_EDITOR>
		<MASTER_PAD_INFO>Portable Application Description, or PAD for short, is a data set that is used by shareware authors to disseminate information to anyone interested in their software products. To find out more go to http://pad.asp-software.org</MASTER_PAD_INFO>
	</MASTER_PAD_VERSION_INFO>
	<Company_Info>
		<Company_Name>Airport Home Company Ltd</Company_Name>
		<Address_1>J 16 Kofi Annan Street, Accra, Ghana>
		<Address_2>16 Kofi Annan Street, Accra, Ghana</Address_2>
		<City_Town>Accra</City_Town>
		<State_Province>Greater Accra, Ghana</State_Province>
		<Zip_Postal_Code>+233</Zip_Postal_Code>
		<Country>Ghana</Country>
		<Company_WebSite_URL>https://sourceforge.net/u/info@airporthome.com/profile/</Company_WebSite_URL>
		<Contact_Info>
			<Author_First_Name>Philip Abel</Author_First_Name>
			<Author_Last_Name>Nyarko</Author_Last_Name>
			<Author_Email>aphilipnyarko@gmailcom</Author_Email>
			<Contact_First_Name>Philip Abel </Contact_First_Name>
			<Contact_Last_Name>Nyarko</Contact_Last_Name>
			<Contact_Email>aphilinyark@gmai.com.com</Contact_Email>
		</Contact_Info>
		<Support_Info>
			<Sales_Email />
			<Support_github>https://https://github.com/GentlePhilip</github>
			<General_Email>aphilipnyarko@gmail.com</General_Email>
			<Sales_Phone />
			<Support_Phone />
			<General_Phone />
			<Fax_Phone />
		</Support_Info>
	</Company_Info>
	<Program_Info>
		<Program_Name>Account26.zip</Program_Name>
		<Program_Version>2.5</Program_Version>
		<Program_Release_Month>07</Program_Release_Month>
		<Program_Release_Day>16</Program_Release_Day>
		<Program_Release_Year>2023</Program_Release_Year>
		<Program_Cost_Dollars>0</Program_Cost_Dollars>
		<Program_Cost_Other_Code />
		<Program_Cost_Other />
		<Program_Type>Freeware</Program_Type>
		<Program_Release_Status>Minor Update</Program_Release_Status>
		<Program_Install_Support>Install Only</Program_Install_Support>
		<Program_OS_Support>Win7 x64</Program_OS_Support>
		<Program_Language>English</Program_Language>
		<Program_Change_Info>Start Fresh Job</Program_Change_Info>
		<Program_Specific_Category>Business</Program_Specific_Category>
		<Program_Category_Class>Business::Accounting &amp; Finance</Program_Category_Class>
		<Program_System_Requirements>Windows 10 64 bit</Program_System_Requirements>
		<File_Info>
			<File_Size_Bytes>1,58,96,41,216</File_Size_Bytes>
			<File_Size_K>1552384</File_Size_K>
			<File_Size_MB>1516.00</File_Size_MB>
		</File_Info>
		<Expire_Info>
			<Has_Expire_Info>N</Has_Expire_Info>
			<Expire_Count>0</Expire_Count>
			<Expire_Based_On>Days</Expire_Based_On>
			<Expire_Other_Info>0</Expire_Other_Info>
			<Expire_Month />
			<Expire_Day />
			<Expire_Year />
		</Expire_Info>
	</Program_Info>
	<Program_Descriptions>
		<English>
			<Keywords>Accounting Excel is a MS Excel VbA software for the purpose of financial accounting</Keywords>
			<Char_Desc_45> It is free open source software awarded.</Char_Desc_45>
			<Char_Desc_80>To any person obtaining a copy but dont publish under their own name</Char_Desc_80>
			<Char_Desc_250>Accounting Excel is a MS Excel VbA software for the purpose of financial accounting. It is free open source software awarded as Rising Star Software by sourceforge.net. To any person obtaining a copy and associated documentation files.</Char_Desc_250>
			<Char_Desc_450>Accounting Excel is a MS Excel VbA software for the purpose of financial accounting. It is free open source software awarded as Rising Star Software by sourceforge.net. To any person obtaining a copy and associated documentation files (the "Accounts26.zip").Users can use this software as much as they want. But they can't modify it and publish it under their own name. User can delete previoius data and start fresh, this has been included.
</Char_Desc_450>
			<Char_Desc_2000>Accounting Excel is a MS Excel VbA software for the purpose of financial accounting. It is free open source software awarded as Rising Star Software by sourceforge.net. To any person obtaining a copy and associated documentation files (the "Accounts26.zip").Users can use this software as much as they want. But they can't modify it and publish it under their own name. Costing of goods for sale and cogs of inventory calculation worksheet included.												
THE SOFTWARE IS PROVIDED "AS IS", WITHOUT WARRANTY OF ANY KIND, EXPRESS OR IMPLIED, INCLUDING BUT NOT LIMITED TO THE						
WARRANTIES OF MERCHANTABILITY, FITNESS FOR A PARTICULAR PURPOSE AND NONINFRINGEMENT. IN NO EVENT SHALL THE												
AUTHORS OR COPYRIGHT HOLDERS BE LIABLE FOR ANY CLAIM, DAMAGES OR OTHER LIABILITY, WHETHER IN AN ACTION OF CONTRACT, TO OR OTHERWISE, ARISING FROM, OUT OF OR IN CONNECTION WITH THE SOFTWARE OR THE USE OR OTHER DEALINGS IN THE SOFTWARE.												
				
Account Master And Account Code								
Depending upon the principal of basic accounting normaly the account heads leading to assets starts with 1, liabilities’ with 2, equity with 3 Revenues, sales, commission and other incomes with 4 and 5, expenses with 6. All are 6 digits account code. In the Account Master option you will get stop to modify the debit/credit, assets/liabilities, income/expenses code stated in their respective form. You can add, modify	 delete account codes along with view and reset form. Do reset after every operation in any input form.									
Voucher Preparation										
The user must have basic accounting knowledge to use this software. In voucher page there are options for new voucher, correction, delete and print. In a voucher you have to specify first the voucher type at the top drop down menu. For sales and purchase there are customers and suppliers masters. From drop down you have to select the customer or supplier's name and automatically their respective code no will be displayed automati</Char_Desc_2000>
		</English>
	</Program_Descriptions>
	<Web_Info>
		<Application_URLs>
			<Application_Info_URL>https://sourceforge.net/projects/account1/files/Accounts24A.zip/download</Application_Info_URL>
			<Application_Order_URL>https://sourceforge.net/projects/account1/files/Accounts24A.zip/download</Application_Order_URL>
			<Application_Screenshot_URL>https://sourceforge.net/projects/account1/files/Account24AScr.jpg/download</Application_Screenshot_URL>
			<Application_Icon_URL>https://sourceforge.net/projects/account1/files/Accounts24AIcon.jpg</Application_Icon_URL>
			<Application_XML_File_URL>https://sourceforge.net/projects/account1/files/Accounts24APad.xml</Application_XML_File_URL>
		</Application_URLs>
		<Download_URLs>
			<Primary_Download_URL>https://sourceforge.net/projects/account1/files/Accounts24A.zip/download</Primary_Download_URL>
			<Secondary_Download_URL>https://sourceforge.net/projects/account1/files/Accounts24A.zip/download</Secondary_Download_URL>
			<Additional_Download_URL_1 />
			<Additional_Download_URL_2 />
		</Download_URLs>
	</Web_Info>
	<Permissions>
		<Distribution_Permissions>Accounting Excel is a MS Excel VbA software for the purpose of financial accounting. It is free open source software awarded as Rising Star Software by sourceforge.net. To any person obtaining a copy and associated documentation files (the "Accounts24A.zip").Users can use this software as much as they want. But they can't modify it and publish it under their own name. User can delete previoius data and start fresh, this has been included.												
THE SOFTWARE IS PROVIDED "AS IS", WITHOUT WARRANTY OF ANY KIND, EXPRESS OR IMPLIED, INCLUDING BUT NOT LIMITED TO THE						
WARRANTIES OF MERCHANTABILITY, FITNESS FOR A PARTICULAR PURPOSE AND NONINFRINGEMENT. IN NO EVENT SHALL THE												
AUTHORS OR COPYRIGHT HOLDERS BE LIABLE FOR ANY CLAIM, DAMAGES OR OTHER LIABILITY, WHETHER IN AN ACTION OF CONTRACT, TO OR OTHERWISE, ARISING FROM, OUT OF OR IN CONNECTION WITH THE SOFTWARE OR THE USE OR OTHER DEALINGS IN THE SOFTWARE.												
[2023] [NYARKO PHILIP ABEL][aphilipnyarko@gmail.com</Distribution_Permissions>
		<EULA>Accounts24A Licence


Accounts24A is a free software.Permited for free of charge, to any person obtaining a copy
of this software and associated documentation files (the "Accounts24A").Users can use this 
software as much as they want. But they can not modify it and publish it under their own
name. 

THE SOFTWARE IS PROVIDED "AS IS", WITHOUT WARRANTY OF ANY KIND, EXPRESS OR
IMPLIED, INCLUDING BUT NOT LIMITED TO THE WARRANTIES OF MERCHANTABILITY,
FITNESS FOR A PARTICULAR PURPOSE AND NONINFRINGEMENT. IN NO EVENT SHALL THE
AUTHORS OR COPYRIGHT HOLDERS BE LIABLE FOR ANY CLAIM, DAMAGES OR OTHER
LIABILITY, WHETHER IN AN ACTION OF CONTRACT, TORT OR OTHERWISE, ARISING FROM,
OUT OF OR IN CONNECTION WITH THE SOFTWARE OR THE USE OR OTHER DEALINGS IN THE
SOFTWARE.





[2024] [Nyarko Philip Abel]
email  aphilipnyarko@gmail.com
</EULA>
	</Permissions>
	<Affiliates>
		<Affiliates_FORM>Y</Affiliates_FORM>
		<Affiliates_VERSION>1.4</Affiliates_VERSION>
		<Affiliates_URL>http://pad.asp-software.org/extensions/Affiliates.htm</Affiliates_URL>
		<Affiliates_Information_Page />
		<Affiliates_Avangate_Order_Page />
		<Affiliates_Avangate_Vendor_ID />
		<Affiliates_Avangate_Product_ID />
		<Affiliates_Avangate_Maximum_Commission_Rate />
		<Affiliates_BMTMicro_Order_Page />
		<Affiliates_BMTMicro_Vendor_ID />
		<Affiliates_BMTMicro_Product_ID />
		<Affiliates_BMTMicro_Maximum_Commission_Rate />
		<Affiliates_Cleverbridge_Order_Page />
		<Affiliates_Cleverbridge_Vendor_ID />
		<Affiliates_Cleverbridge_Product_ID />
		<Affiliates_Cleverbridge_Maximum_Commission_Rate />
		<Affiliates_clixGalore_Order_Page />
		<Affiliates_clixGalore_Vendor_ID />
		<Affiliates_clixGalore_Product_ID />
		<Affiliates_clixGalore_Maximum_Commission_Rate />
		<Affiliates_CommissionJunction_Order_Page />
		<Affiliates_CommissionJunction_Vendor_ID />
		<Affiliates_CommissionJunction_Product_ID />
		<Affiliates_CommissionJunction_Maximum_Commission_Rate />
		<Affiliates_DigiBuy_Order_Page />
		<Affiliates_DigiBuy_Vendor_ID />
		<Affiliates_DigiBuy_Product_ID />
		<Affiliates_DigiBuy_Maximum_Commission_Rate />
		<Affiliates_DigitalCandle_Order_Page />
		<Affiliates_DigitalCandle_Vendor_ID />
		<Affiliates_DigitalCandle_Product_ID />
		<Affiliates_DigitalCandle_Maximum_Commission_Rate />
		<Affiliates_Emetrix_Order_Page />
		<Affiliates_Emetrix_Vendor_ID />
		<Affiliates_Emetrix_Product_ID />
		<Affiliates_Emetrix_Maximum_Commission_Rate />
		<Affiliates_eSellerate_Order_Page />
		<Affiliates_eSellerate_Vendor_ID />
		<Affiliates_eSellerate_Product_ID />
		<Affiliates_eSellerate_Maximum_Commission_Rate />
		<Affiliates_iPortis_Order_Page />
		<Affiliates_iPortis_Vendor_ID />
		<Affiliates_iPortis_Product_ID />
		<Affiliates_iPortis_Maximum_Commission_Rate />
		<Affiliates_Kagi_Order_Page />
		<Affiliates_Kagi_Vendor_ID />
		<Affiliates_Kagi_Product_ID />
		<Affiliates_Kagi_Maximum_Commission_Rate />
		<Affiliates_LinkShare_Order_Page />
		<Affiliates_LinkShare_Vendor_ID />
		<Affiliates_LinkShare_Product_ID />
		<Affiliates_LinkShare_Maximum_Commission_Rate />
		<Affiliates_NorthStarSol_Order_Page />
		<Affiliates_NorthStarSol_Vendor_ID />
		<Affiliates_NorthStarSol_Product_ID />
		<Affiliates_NorthStarSol_Maximum_Commission_Rate />
		<Affiliates_OneNetworkDirect_Order_Page />
		<Affiliates_OneNetworkDirect_Vendor_ID />
		<Affiliates_OneNetworkDirect_Product_ID />
		<Affiliates_OneNetworkDirect_Maximum_Commission_Rate />
		<Affiliates_Order1_Order_Page />
		<Affiliates_Order1_Vendor_ID />
		<Affiliates_Order1_Product_ID />
		<Affiliates_Order1_Maximum_Commission_Rate />
		<Affiliates_Osolis_Order_Page />
		<Affiliates_Osolis_Vendor_ID />
		<Affiliates_Osolis_Product_ID />
		<Affiliates_Osolis_Maximum_Commission_Rate />
		<Affiliates_Plimus_Order_Page />
		<Affiliates_Plimus_Vendor_ID />
		<Affiliates_Plimus_Product_ID />
		<Affiliates_Plimus_Maximum_Commission_Rate />
		<Affiliates_Regnet_Order_Page />
		<Affiliates_Regnet_Vendor_ID />
		<Affiliates_Regnet_Product_ID />
		<Affiliates_Regnet_Maximum_Commission_Rate />
		<Affiliates_Regnow_Order_Page />
		<Affiliates_Regnow_Vendor_ID />
		<Affiliates_Regnow_Product_ID />
		<Affiliates_Regnow_Maximum_Commission_Rate />
		<Affiliates_Regsoft_Order_Page />
		<Affiliates_Regsoft_Vendor_ID />
		<Affiliates_Regsoft_Product_ID />
		<Affiliates_Regsoft_Maximum_Commission_Rate />
		<Affiliates_ShareIt_Order_Page />
		<Affiliates_ShareIt_Vendor_ID />
		<Affiliates_ShareIt_Product_ID />
		<Affiliates_ShareIt_Maximum_Commission_Rate />
		<Affiliates_Shareasale_Order_Page />
		<Affiliates_Shareasale_Vendor_ID />
		<Affiliates_Shareasale_Product_ID />
		<Affiliates_Shareasale_Maximum_Commission_Rate />
		<Affiliates_SWReg_Order_Page />
		<Affiliates_SWReg_Vendor_ID />
		<Affiliates_SWReg_Product_ID />
		<Affiliates_SWReg_Maximum_Commission_Rate />
		<Affiliates_V-Share_Order_Page />
		<Affiliates_V-Share_Vendor_ID />
		<Affiliates_V-Share_Product_ID />
		<Affiliates_V-Share_Maximum_Commission_Rate />
		<Affiliates_VFree_Order_Page />
		<Affiliates_VFree_Vendor_ID />
		<Affiliates_VFree_Product_ID />
		<Affiliates_VFree_Maximum_Commission_Rate />
		<Affiliates_Yaskifo_Order_Page />
		<Affiliates_Yaskifo_Vendor_ID />
		<Affiliates_Yaskifo_Product_ID />
		<Affiliates_Yaskifo_Maximum_Commission_Rate />
	</Affiliates>
	<ASP>
		<ASP_FORM>Y</ASP_FORM>
		<ASP_Member>N</ASP_Member>
		<ASP_Member_Number />
	</ASP>
</XML_DIZ_INFO>
